radionuclide,best_key_nuclide_sf,p25_Bi-207,p50_Bi-207,p75_Bi-207,corr_Bi-207,p25_Co-60,p50_Co-60,p75_Co-60,corr_Co-60,linreg_intercept_sf,linreg_coef_Bi-207,linreg_coef_Co-60,linreg_adj_R2_sf,logreg_const_sf,logreg_power_Bi-207,logreg_power_Co-60,logreg_adj_R2_sf,p25_DR_10cm,p50_DR_10cm,p75_DR_10cm,corr_DR_10cm,p25_DR_40cm,p50_DR_40cm,p75_DR_40cm,corr_DR_40cm,p25_bgo_10cm,p50_bgo_10cm,p75_bgo_10cm,corr_bgo_10cm,p25_bgo_40cm,p50_bgo_40cm,p75_bgo_40cm,corr_bgo_40cm,logreg_const_DR_10cm,logreg_power_DR_10cm,logreg_const_DR_40cm,logreg_power_DR_40cm,logreg_adj_R2_DR,logreg_const_bgo_10cm,logreg_power_bgo_10cm,logreg_const_bgo_40cm,logreg_power_bgo_40cm,logreg_adj_R2_bgo
Ag-108m,Co-60,0.0027576915953788413,0.005219599053511841,0.006777660641433741,0.75124235578557,4.529422780043049e-06,1.0909375130000329e-05,2.1849245298526138e-05,0.9168446001779043,-0.0005167685630032902,-4.278124229075718e-05,4.6794278065707205e-05,0.8502913538992731,0.0005306935454093123,0.591227752227354,0.23755139656473132,0.5635475970897323,6.964678463776468e-06,1.6780763260875796e-05,3.361088925254114e-05,0.9683006356640974,1.9368429655869824e-05,4.6753294418975695e-05,9.344397689923748e-05,0.9684100808289107,2.540934409799017e-08,6.334012544775984e-08,1.479446717433695e-07,0.922971240156712,7.060050878149485e-08,1.7638311366447573e-07,4.12161230975948e-07,0.9234277591236603,1.6246434145987217e-05,0.9330616160267943,4.218548115469132e-05,0.9333717690806618,0.4148854037107197,8.431440338257991e-07,0.6665329356452911,1.6675025826704945e-06,0.6665417467488179,0.24200422252778186
Ag-110m,Co-60,0.0358125432695264,0.09123373107984323,0.19423525425779842,0.004347914968418388,8.054780807167622e-05,0.00020402631375057224,0.0004427689390747086,0.16700877296213418,0.009834087596689092,-0.0032421103724798723,0.0007571665273582278,0.11079517574957554,0.0013186894373776773,0.1429420211125406,0.469574336231231,0.21883928492700344,0.0001426052831174975,0.00030253737681789294,0.0005957544748105316,0.515136121496354,0.00039697434989987505,0.0008405188603371325,0.0016583007681079658,0.5133576741393168,6.10552045942023e-07,1.2361455810072984e-06,2.348833282626366e-06,0.6702785076121164,1.6966843568222947e-06,3.4455345374303433e-06,6.539069738218224e-06,0.6685276252810971,0.000494602303020793,0.7516973409976431,0.0010681984252251266,0.7512071777734083,0.3252903278932032,1.1440323025082003e-05,0.7050934852224043,2.362695359909263e-05,0.7045687740979028,0.3273155741906977
Al-26,Co-60,0.00022445134624939154,0.0010347289457327848,0.0022629415341758274,0.9413486954044521,5.063733625157439e-07,2.034497010541004e-06,5.0902352770887885e-06,0.9471948033080199,-0.002583332750191575,0.0002785345628182788,6.166408602818596e-05,0.9526554720462529,0.0005183791581521,0.8412402569853465,-0.1262440050789775,0.3410531720452903,8.485299243239658e-07,2.990397126405085e-06,8.194831371661008e-06,0.8236225303003888,2.3610869445891235e-06,8.326256700701853e-06,2.2768528775646942e-05,0.8247554578636387,2.76069645427948e-09,1.2018982882232461e-08,3.612098581682962e-08,0.678483893922307,7.699965924760342e-09,3.3396325674354095e-08,1.0044139017650157e-07,0.679992363900639,3.213216731393486e-06,0.8408353240064609,7.5895200093229e-06,0.8413511182486356,0.16026262446271344,2.671656708792819e-07,0.5788603447190942,4.823778506312024e-07,0.5790609593633131,0.08639759479542075
Ar-39,Co-60,0.9971418310477516,1.261803656291661,1.5192127563184181,0.4221222006660085,0.0015083192874649552,0.0025911716897375507,0.00462316551879354,0.6662374560494668,0.04011872000616533,-0.019695360694466858,0.007469266877057456,0.5491243017270975,0.13991482447299644,0.5662182661747298,0.26048506284369227,0.7488390469784094,0.0026346480988428934,0.003923544903197507,0.006663532332565203,0.8156474492448337,0.007311523482854021,0.010927250872643134,0.018523983388516404,0.8149996559630032,8.588786645878851e-06,1.5243468370376838e-05,3.136117447577948e-05,0.854699722039075,2.3912605871689462e-05,4.2371953032555235e-05,8.71599072486166e-05,0.8543223039782203,0.004457407924430859,0.9713888337848282,0.012042162312519429,0.9714453973346104,0.6212278075269848,0.0001626077043745149,0.721984723555551,0.00034089025268597956,0.7217802897874696,0.3923647386077589
Ar-42,Co-60,0.12366296966703527,0.15153765587681806,0.18389075767937463,0.14972830809215254,0.00017496209579215648,0.0003065441988843735,0.0005621483253794728,0.40833015931151856,0.011464454213979961,-0.003718770898316491,0.001011858388422856,0.34430217892435155,0.012446067280144022,0.5090666098871544,0.3063365579005902,0.6481152670449607,0.0002985720145629509,0.00047976603827908635,0.0008249420718348744,0.6218444463572845,0.0008324057774242096,0.0013339275213828257,0.0022925176833054374,0.6207028777494912,1.0026392522055497e-06,1.8216463161683109e-06,3.6851168170912703e-06,0.7182383540227583,2.7926668973918883e-06,5.078517724952847e-06,1.0237451303369411e-05,0.7172707387130538,0.0005697884986009392,0.9510940919760237,0.00150778781348582,0.9511192167007712,0.5694676454369008,2.2032364721914445e-05,0.7082310060857095,4.5550094207844165e-05,0.7080053028267849,0.36102056694852414
Au-195,Co-60,1.3447522558404976,3.751393826581826,7.998884065684349,0.0046267593329911835,0.0027705952796675502,0.00772399490686956,0.016507711159428846,0.15962734203130022,0.5812527120901734,-0.2917016483799619,0.06818276662710182,0.10063748251304205,0.04585055532956749,0.18880330244980917,0.538974436756757,0.273548091844232,0.005107361753061197,0.0123824066912777,0.022686486767009746,0.5077177887406987,0.014181956378573031,0.03444464764137771,0.06318329609253089,0.5059472658805998,2.0838889928023732e-05,5.101967454464961e-05,8.879396379550504e-05,0.6616264361136254,5.789499246509561e-05,0.0001420409314944526,0.0002469012589332136,0.6598772821952061,0.011987670885207509,0.9162633564055632,0.030648044049427253,0.9155779930815913,0.4178579716019325,9.831695916187456e-05,0.885250887922056,0.00024445579014948743,0.8845521343161227,0.4460929657142596
Ba-133,Co-60,0.1846900955061393,0.22937857111980448,0.35582430867441556,0.05131081065323084,0.00026243352939999586,0.0004479693190252719,0.0009686284946544624,0.29670421234812544,0.045834339407252914,-0.0251028459367942,0.006164255885052367,0.26739894026804556,0.04989847678260078,0.7193482388973297,0.24657058499119047,0.6671821811110991,0.00041806633407507406,0.000706105373446916,0.001318937943466725,0.5809540485938907,0.0011609900317372853,0.001963896775320987,0.003668117160891625,0.5794246419263626,1.519844900705817e-06,2.8176887236035398e-06,5.958833289696054e-06,0.7157917535789775,4.224938870258531e-06,7.828183426536018e-06,1.6574109314463407e-05,0.7143817186024931,0.0005679131981169347,1.172750052479892,0.0018856766391299115,1.172693426962923,0.5503161427473776,1.043354610002998e-05,0.8716002417530386,2.5519111536969457e-05,0.8712441942257263,0.3475283530941087
Be-10,Co-60,0.0,0.0,0.0,0.0,0.0,0.0,0.0,0.0,0.0,0.0,0.0,0.0,0.0,0.0,0.0,0.0,0.0,0.0,0.0,,0.0,0.0,0.0,,0.0,0.0,0.0,,0.0,0.0,0.0,,0.0,0.0,0.0,0.0,0.0,0.0,0.0,0.0,0.0,0.0
Bi-207,Bi-207,1.0,1.0,1.0,1.0,0.001292143951879643,0.0021708990568425767,0.003980357115353089,0.8721330632237108,-6.217248937900877e-15,0.9999999999999993,-8.326672684688674e-17,1.0,0.9999999999999988,1.0000000000000004,-2.5153490401663703e-16,1.0,0.002152390343845458,0.0033558018205798014,0.005378930694442982,0.7748617212596532,0.005989558479471081,0.009328334515061452,0.01495427404445092,0.7758278135942788,7.319063161711781e-06,1.2994390793095664e-05,2.49773386995399e-05,0.6367478715955018,2.044330619079283e-05,3.614641439507609e-05,6.952151959077617e-05,0.6380691207943654,0.0019227044304409246,1.2469047227401786,0.006885338719912921,1.2470192915212468,0.6453287531837593,2.5187645989197672e-05,0.9370999617003943,6.581091432378393e-05,0.9368813099862554,0.41674138631432833
Bi-208,Co-60,0.0,0.0,0.0,0.0,0.0,0.0,0.0,0.0,0.0,0.0,0.0,0.0,0.0,0.0,0.0,0.0,0.0,0.0,0.0,,0.0,0.0,0.0,,0.0,0.0,0.0,,0.0,0.0,0.0,,0.0,0.0,0.0,0.0,0.0,0.0,0.0,0.0,0.0,0.0
C-14,Co-60,0.08184003853271801,0.13999896825644859,0.23769900285421158,0.8320890446799369,0.00019662633635549146,0.0003406539417893081,0.0005885890252532182,0.9715597679121546,-0.0009766565113704532,-0.00013922940434393983,0.00045414664876099913,0.9448671445104976,0.00959720978628899,0.42933728803768445,0.3065451206432467,0.7228020493394055,0.0003017049916050306,0.00047595413679944504,0.0008230528912872323,0.9574219133654672,0.0008400446173676636,0.0013238316339146115,0.0022895849518898663,0.957896894503386,1.0610807217680416e-06,1.8702819579948578e-06,3.89400060108177e-06,0.8779400252422759,2.9483944991747434e-06,5.207656644419845e-06,1.0838413960487518e-05,0.8788045251707266,0.0007625853790161426,0.8324287706818279,0.0017868745106648701,0.8325753090564315,0.6268843569799465,3.428327561920433e-05,0.6508781127874873,6.676193260530692e-05,0.6508106955811351,0.43822098491118155
Ca-41,Co-60,0.004095699980555185,0.005862776992198162,0.00793366896386275,0.734290288270109,5.990783008820166e-06,1.2937513002420187e-05,2.3573695453730424e-05,0.9007569313826277,-0.0003170104406479252,-3.576967565655287e-05,3.6712659735710436e-05,0.8222505936758673,0.0007194990635888552,0.5322340740884643,0.16418372759395677,0.5595790785899438,9.88760845256036e-06,2.037835989206764e-05,3.611539696878211e-05,0.8243698201491961,2.7446542014758835e-05,5.665792587673844e-05,0.00010058691326526189,0.8250627611097361,3.208602747245788e-08,7.874699551639866e-08,1.7353524649530693e-07,0.7320841430792542,8.918239149038872e-08,2.193177962440891e-07,4.832116057166614e-07,0.7331584151171345,3.155007861941113e-05,0.7784592042685645,6.994546945024111e-05,0.7786926987222613,0.3822271007897635,3.4844022097410254e-06,0.5238822406389684,5.957238124460506e-06,0.5238454390210411,0.19783379249668498
Ca-45,Co-60,0.4550936720887372,1.128612521870573,2.5027310311146853,0.0036943648447013097,0.0008549121055958223,0.0022508453292168565,0.004941866858629223,0.18212279493013075,0.14412143117535997,-0.07848982257797474,0.018300309201061054,0.1332176690798469,0.014467265927424948,0.1563652332870457,0.5077387271193516,0.23343096392866203,0.001552313625266294,0.003659645317367551,0.007038008134423107,0.5293478558810734,0.004312612647767117,0.010174333494234133,0.019592947525093978,0.5275559329977285,6.339610970783589e-06,1.5127511794164387e-05,2.692219194372246e-05,0.6869748995720393,1.760946599447394e-05,4.208732093786865e-05,7.499096323147302e-05,0.6852240198021586,0.004384524954505727,0.8601832774537312,0.010585842080294202,0.8594217987452836,0.38579210559859933,4.8098143579819643e-05,0.831451906692912,0.00011323519887110547,0.830692967593323,0.4122418047609925
Cd-109,Co-60,0.03963385708800509,0.07568730890714317,0.12119995430456575,0.0031581128481873804,6.019679646008458e-05,0.0001315076947124353,0.0003218174501786932,0.20459059555870837,0.01566666703149037,-0.019421476933278593,0.004521972411657991,0.1697134539122449,0.003611282687957823,0.4483952900310043,0.37034903855113277,0.3477009582887438,0.00010909062123367054,0.00019111127278763313,0.00044437649876324724,0.5443096921042412,0.0003032493134631844,0.0005332607661658686,0.0012358831895566392,0.5425295825425852,3.7385719822152097e-07,7.776540183886296e-07,1.8276321284017881e-06,0.7021459621220029,1.0382888528370268e-06,2.1632372862767475e-06,5.094085767348151e-06,0.7004285462964506,0.00018166639887273143,1.0546236274001544,0.000534998433437983,1.0540398379375462,0.40802346996895844,2.5550301865938253e-06,0.8652135910672831,6.225330761956353e-06,0.8644833132215511,0.3140013839692113
Cd-113m,Co-60,0.07835005953175925,0.08202440866097532,0.08645816456133643,0.8737308834445354,9.69109089641985e-05,0.00017307443609108572,0.0003294808684196807,0.9784380341876953,-0.0379814882253121,0.0006684552744523854,0.0014336981857181604,0.9590565106321395,0.00747836914212666,0.5673663451125321,0.3262315580849827,0.7529630732752173,0.00017095853426611214,0.00026832886971667885,0.00042998064760100857,0.9311820302917235,0.0004746615996900305,0.0007463950411303762,0.0011972704504350283,0.9318905669271443,5.937262480370092e-07,1.0595687616522745e-06,2.0988506112938578e-06,0.8284349755920081,1.6523706181997458e-06,2.9524977730650153e-06,5.8329175355676614e-06,0.8295237630777627,0.0002532467029623088,1.023415117944043,0.0007214886721104185,1.02354786628085,0.629803638181197,6.375712468768929e-06,0.7841788213613252,1.4237167509875436e-05,0.7840435072013143,0.4227864301665307
Ce-144,Co-60,0.0,0.0,0.0,0.0,0.0,0.0,0.0,0.0,0.0,0.0,0.0,0.0,0.0,0.0,0.0,0.0,0.0,0.0,0.0,,0.0,0.0,0.0,,0.0,0.0,0.0,,0.0,0.0,0.0,,0.0,0.0,0.0,0.0,0.0,0.0,0.0,0.0,0.0,0.0
Cl-36,Co-60,0.007373711012340529,0.02830197723059997,0.07395776679624734,-0.029442579385914484,2.116815479873604e-05,6.543117480836387e-05,0.00014480135875220507,0.16561039993636173,0.0021000339220704697,-5.223216320294321e-05,1.1618328201407338e-05,0.15323854985398833,0.00036045988104115804,0.03950387293916088,0.3671038346373994,0.0577219066754161,3.353402613900711e-05,0.00010090081172147333,0.00021691870997098158,0.18075365278737682,9.318560617381157e-05,0.00028075325349431323,0.0006026737370230411,0.1805070714101076,1.2032734305469209e-07,4.1408191248555805e-07,1.0109645522904337e-06,0.22496400817155884,3.340499454391441e-07,1.1520315724450793e-06,2.81135436419523e-06,0.22488546703266343,0.0003924035532436725,0.34970959177227195,0.000560869171303795,0.35008742872233883,0.04685595244478835,0.00010719196547970379,0.2728116444450831,0.00014145423459398953,0.27306069137668193,0.03241555802673479
Co-57,Co-60,44.30905907007707,103.15587009912637,183.53076177694706,0.14106614017165475,0.1129221238618705,0.21606466103841376,0.4034039031316746,0.38964228331671424,3.966769524374058,-2.048663230170016,0.555644550276335,0.31645010396123563,0.7000074029670721,0.18543143037359405,0.7610660429601392,0.5521598670154654,0.19449953884658602,0.3427140795139382,0.5291492064509661,0.6467423534875274,0.5410494753873399,0.9537930583255695,1.4729494645027945,0.6453804980335812,0.0008779672606903405,0.0013920637356222476,0.0020415253533947264,0.7703832698900359,0.0024391383482834867,0.0038731148251757433,0.005685817491789007,0.7692099560930714,0.25486811511211205,1.0535724789048873,0.7493258659105178,1.053338295856622,0.6963014753567361,0.0011264008943244637,1.0055695610804056,0.003159154377892294,1.0052418681189685,0.7254135354408391
Co-58,Co-60,0.926080431010156,4.29313087940109,15.875301978054692,0.002702822929844147,0.002593250848633745,0.009252794803888971,0.03442503121137505,0.155911047585934,1.047657921716481,-0.22023318695216637,0.051305334183655564,0.09798947367279842,0.00908322072768336,-0.05206393376165251,0.9019051269823366,0.1766965760542859,0.004250128346056509,0.015913374836945906,0.04544537622628362,0.5006171182984124,0.011822022055636695,0.044258646579387134,0.12650658595908254,0.4988638731090236,2.0150139677726737e-05,6.0906069154506194e-05,0.0001794943402642657,0.6568146664147722,5.604629396169346e-05,0.00016922315468230543,0.0004998300869198514,0.6550919327479354,0.012556348837517795,0.9756812094405065,0.034115061334248,0.9749809793719267,0.2726204571157179,2.9217154422157775e-05,1.057918118405903,8.664691832540285e-05,1.0572788571524727,0.3666478470476836
Co-60,Co-60,251.23746143240345,460.6442295955203,773.908323734059,0.8721330632237108,1.0,1.0,1.0,1.0,-1.0658141036401503e-14,-1.6653345369377348e-15,0.9999999999999996,1.0,1.0000000000000016,9.71445146547012e-17,1.0000000000000004,1.0,1.3177835796932775,1.6158546320527387,1.9136375137918353,0.9269335831973452,3.670340499415021,4.495155874879277,5.315753929355134,0.9277273956313351,0.004602601990764095,0.006092421856846542,0.008073856662428752,0.8359926168526007,0.01282027433062002,0.016972503758308104,0.02245028869195722,0.8372675127723427,1.991456908914234,0.8985163962531215,4.9877160936865375,0.8992684066802276,0.9261428927615467,0.026387001138221924,0.8211092215997622,0.060900645149816836,0.8216368123418092,0.8845193178741789
Cs-134,Co-60,0.011353790564162717,0.0172915924836825,0.025976853537111783,0.5238326145326838,2.4248241279360206e-05,4.199066256164267e-05,6.830788860049753e-05,0.7117829632542332,-0.0006301458691975262,-0.00022464551747654186,0.00011945136278477606,0.5456291670576051,0.0007979782260586998,0.3802728344965205,0.37013257757666357,0.6012141271511948,4.251684600625658e-05,6.377603743106113e-05,9.344239724360862e-05,0.9200268568488993,0.00011837879978799185,0.0001776513407751169,0.00025978835752989984,0.9192282502150715,1.5041470651862732e-07,2.656871447439621e-07,4.192887721088794e-07,0.9657861826434735,4.17916977805048e-07,7.393042941872772e-07,1.1661203078321303e-06,0.9652463240373756,7.850265763300743e-05,0.8790359203988667,0.00019300913762210925,0.8789406722648179,0.6115592639085679,2.2828187158601673e-06,0.7191630168856965,4.774079619008834e-06,0.7188950841576933,0.4680622055280306
Cs-137,Co-60,0.0,1.1554872799171985e-06,0.00023989930115502503,0.8982913598604435,0.0,3.923051849607826e-09,5.022610715290331e-07,0.949145081445578,-0.001277693352195171,6.383778079766531e-05,3.0335136256465366e-05,0.9216004619061546,5.484581736692191e-06,0.6994806554005317,0.016409909128552384,0.08531812982882447,0.0,6.401955902644448e-09,7.70556852728052e-07,0.8226918201559758,0.0,1.7808410273764415e-08,2.1451412624462635e-06,0.8238381102954058,0.0,2.3786011494570455e-11,2.92363432053552e-09,0.6801181598403419,0.0,6.626372996027448e-11,8.144873845306592e-09,0.6816388323838758,8.973579773227226e-08,0.824317677688285,2.0832123376151158e-07,0.8250825408820053,0.04470019941183023,4.139160402210429e-09,0.6456742519229899,7.985849784846848e-09,0.6461636163689303,0.03007168783843739
Eu-150,Co-60,0.00042929064429396164,0.002253910217749117,0.007188062726095444,0.8974376909483549,8.428097052548558e-07,5.116650558333273e-06,1.8683826306918994e-05,0.9505880181285815,-0.002956865598282163,0.00016325748160994974,8.102971447875135e-05,0.9231169190589815,5.8849562747482225e-05,0.446895935608978,0.4891308938424119,0.17546599563776089,1.2893452762565252e-06,7.917460251489404e-06,2.962923497670642e-05,0.8240099062574278,3.5823561969794205e-06,2.201277597995572e-05,8.244027394996549e-05,0.8251541727460461,4.971870219459701e-09,3.00359181027685e-08,1.2015105273316967e-07,0.6816150925488803,1.3822067236025006e-08,8.347327378389536e-08,3.3414953739902555e-07,0.683131356199506,5.330262513983827e-06,0.9772046196778141,1.4479029552767243e-05,0.9775655326401936,0.1466639658680957,1.4386954957335317e-07,0.7605608531869991,3.1308029578555636e-07,0.7606548353704806,0.10093389274164133
Eu-152,Bi-207,1.7083789656566635,9.367733428366446,25.471394730915353,0.13786451278271877,0.004925059242115024,0.020566130117349396,0.05236158160748302,0.13584962022703087,0.818959771500273,0.0020397075167230302,0.00033215945943071954,0.019464517290658012,0.12227157269301125,0.027424315969528365,0.242038392828609,0.017357743458387698,0.0071725652653712915,0.03218869287572004,0.08323068458771048,0.11401513445146164,0.019915388831405794,0.08945450843583767,0.2309688706095567,0.11418543866954808,2.7399685531076024e-05,0.00012833893175414606,0.00033519423103439054,0.09590614965475676,7.628453778433867e-05,0.0003574843321541189,0.0009347982891230293,0.09613692610040052,0.11446154917413472,0.27429247219264735,0.151555291306769,0.2742623080907695,0.01994807044912783,0.02644859122454671,0.268299983578803,0.03481751526312177,0.2682460560357374,0.021854240325393626
Eu-154,Co-60,0.6857501399975995,3.4072675149274896,11.570236776699641,0.15740076980048143,0.0019267543357267105,0.007793218751898652,0.021775678953722885,0.1902364473331918,0.36302619911062634,-0.0004743490549921897,0.0005968363602920858,0.03594143644971426,0.050101950768501054,0.07015811333957965,0.2642286884706836,0.026740663037401302,0.002863765182252078,0.011907116341602023,0.03441979825677867,0.17795015859088076,0.007951180930700413,0.03309928203768223,0.09557522443680033,0.17809758474564655,1.024113747189713e-05,4.707444272701877e-05,0.00014205201516778666,0.15882074580497793,2.8445164080124416e-05,0.00013109337910793237,0.00039488147269679005,0.15903357077352376,0.0351223068982553,0.36127734654216226,0.050837497054263686,0.36119860517666447,0.03176995933271676,0.005600510920604033,0.3420010381863518,0.007953505493813618,0.34188810657043645,0.0325664611607519
Fe-55,Co-60,1590.1755469082416,2429.305907214294,3330.4081521603266,0.9051280086282621,3.479583941653922,5.571533629334558,8.068787081060846,0.9345938574021133,-14.470720026151412,27.01368741433177,8.80826044367439,0.9072779709657797,199.10967026603365,0.5121477789738121,0.3004632052515246,0.8826449491904239,6.311974332429136,8.669336959264957,10.55568743545852,0.9642258238189887,17.55628681861857,24.10760492811432,29.36803618431014,0.9644925438245396,0.022532486389540467,0.03373285050909737,0.04997347294370411,0.895994537875699,0.0626636080800818,0.09390027961574976,0.13910018953058384,0.8966358089799101,8.367434278793183,0.9726765202274597,22.639433570037383,0.972625112691115,0.8109153901104129,0.17451266892884057,0.7903669282805986,0.3925001565546052,0.7901139482647734,0.6122549760152809
Gd-148,Co-60,0.11885815035789331,0.14240651898616896,0.22734476416460453,0.027910122307194807,0.00014619261296838787,0.0002702478300080165,0.0006329818843085736,0.2704093874817908,0.03522634856540448,-0.01091204090953574,0.002611068048161307,0.2532909716801872,0.015205553633906976,0.5906138185713921,0.33737776157556615,0.5731882924494208,0.0002545309648302558,0.00043524321191017927,0.0008387767204489612,0.5235622331780262,0.0007070357841191713,0.0012107686463186855,0.00233732722391069,0.5221694982862333,8.59436466280222e-07,1.6991773156415488e-06,3.876763790282429e-06,0.6457858668174615,2.3870542006680315e-06,4.722305355684345e-06,1.0779135813582072e-05,0.6444962816577569,0.0004247419887637807,1.0826709740698783,0.0012859045490341988,1.0827136543182996,0.49668496668078055,1.0549789148760717e-05,0.8053136358109251,2.4092085468514247e-05,0.8050684034934225,0.3141657256568495
Gd-153,Co-60,0.04617976023709551,0.10661604494601831,0.24168497304861172,0.0038645226091168243,7.87246733054541e-05,0.0002121165625388781,0.0004825867460059551,0.18575987201782243,0.028670900644643685,-0.03059678184848565,0.007134857876080782,0.13848725480396018,0.00124437068844556,0.2453692929449978,0.6241787182320842,0.27738053791216033,0.00014769846464666767,0.0003511579748158152,0.0006697028270290961,0.5322526248921406,0.0004102240823197348,0.0009766984758014794,0.0018642579013957458,0.5304607787869356,5.960952712370838e-07,1.2642590129743542e-06,2.8483231493710363e-06,0.6899457635681413,1.6577369502152548e-06,3.515048362147013e-06,7.928197893855402e-06,0.688198765629911,0.00022583591574928624,1.0892156984801138,0.0006892228439437,1.0884721277747897,0.41056774461871215,1.0547326930863158e-06,1.010585916774799,2.983444084049039e-06,1.0097888731424391,0.40418904825172886
Ge-68,Co-60,0.010617979801707974,0.026560678846994958,0.057663156662594584,0.0015256458633978376,1.9593877475620688e-05,4.9612092399912325e-05,0.00012415120214753723,0.2321483114725628,0.0021482693643322007,-0.003480784062147738,0.0008084295057652502,0.22211579997785003,0.0002965933604257958,0.2297486047782754,0.600972644246922,0.25819891912332027,3.652079744665237e-05,8.021572075454106e-05,0.00016964892861143297,0.5452738309243824,0.00010144290127861102,0.00022305098090475187,0.0004721216499407601,0.5435838928274613,1.3612569366896813e-07,3.3580212576870284e-07,6.432815754473277e-07,0.6990526036388609,3.7892700673202674e-07,9.351469787829974e-07,1.7933312371634943e-06,0.6974592944726737,6.009942919312584e-05,1.0390023557547494,0.0001742314873333393,1.0382570920577188,0.3821535942778408,3.0174842496717855e-07,0.9854604726962815,8.317347916772978e-07,0.9846863611937635,0.39161638446185076
H-3,Co-60,688.9873510090094,819.1464235785774,996.3731621018815,0.7580028624354831,1.0562373076950642,1.7180813380085156,3.104025289797667,0.9378191520504727,-144.01809038889076,-11.265708826495352,10.523515758162509,0.8944330517290925,100.07425944779722,0.6235156089723521,0.30296791514559024,0.8140763507349005,1.751946656446728,2.6310777839137205,4.21939244306621,0.9760570298937729,4.877734041194891,7.30967604487676,11.748993634005648,0.976212024458694,0.005946637659091853,0.010156543759348931,0.019808952112533695,0.9292003141892518,0.016519400340729188,0.02827306220401686,0.05511844266556594,0.9297318394382151,2.250944990071446,1.0880329566045857,6.851989804880273,1.0880954097503441,0.6842399631852023,0.04808340915115958,0.8254055638526756,0.11206501512744643,0.8251872484886157,0.4502468195098098
Hf-172,Co-60,1.4326492293366884,2.2344040288258773,3.512045955982824,0.3764311526458221,0.0025310098271430575,0.004434299695940342,0.009737715432361717,0.6051827224131698,-0.34354814787845933,-0.13451499395849753,0.04974995473826339,0.461652803208326,0.04094444892459929,0.39782634847455434,0.6893254540859972,0.6548317750751138,0.004368684609197996,0.007177659222387616,0.012865796126296136,0.8452645267383015,0.012136668183690276,0.019954567520990514,0.03589194524787223,0.8441739600224574,1.5429152206338158e-05,2.5943184710308418e-05,5.287418293600128e-05,0.9273752312563522,4.285496029289123e-05,7.227095215308626e-05,0.00014741930717198238,0.9265234257074827,0.004189359477385876,1.213890265363695,0.014507066572218981,1.2138816149632556,0.7073365829749676,2.3806476971961702e-05,1.0277551105719704,6.825803332713915e-05,1.0275162659444521,0.5798207490362159
Hf-178n,Co-60,0.008638915113514207,0.01196993261138725,0.017582639996757906,0.8983370665981135,1.9821661305519495e-05,2.8917342666141286e-05,4.000531278307751e-05,0.9512481412959712,-0.009605344386826534,0.0005012637195459086,0.00024743763350550677,0.9245585838590674,0.00010447092443225412,0.18469790209911247,0.7383399017579316,0.6696320644447377,3.1750943216369666e-05,4.464830761868076e-05,6.377270610468876e-05,0.824104948601146,8.837972937607657e-05,0.00012411920176108316,0.00017745379540877248,0.8252528204624117,1.0566024470164087e-07,1.6558774287944827e-07,2.739261019337267e-07,0.6822129374202275,2.942124524614585e-07,4.6037384039161853e-07,7.620947057687549e-07,0.683737584703696,5.9974488823420664e-05,0.8599047513399045,0.00014441432193999898,0.8605595732871753,0.5892998280750228,1.6178275787426377e-06,0.721999229864646,3.3768128098241273e-06,0.7224037181210563,0.47505536977053864
Hg-194,Co-60,0.6771641996932076,0.7098441225634482,0.7344354260780244,0.8298439372030157,0.0008776040449049525,0.0014862450636286756,0.002721949864023385,0.9641951183896458,-0.09126399308908897,-0.0012637626743684217,0.005554123032214757,0.9301435218097881,0.05258512961854319,0.5056581133933276,0.32126024415151566,0.7432257349447058,0.001464921043344539,0.002387559187864042,0.003596611158483684,0.9623204520457659,0.004079972292546241,0.006631672648857847,0.010008644959893797,0.9627613326513185,4.980823112478604e-06,9.110210018682084e-06,1.6570205842811165e-05,0.884630325637148,1.3831263972566989e-05,2.5361473931048296e-05,4.605451589896829e-05,0.8854406195257598,0.002681285402234688,0.9321135543274871,0.006956981499593529,0.9322949200513978,0.6191745663736026,9.684163546559925e-05,0.710279120964312,0.00020041162844990567,0.7102060356765593,0.41107199601410094
Ho-163,Co-60,0.000965397887156193,0.0025260921432444733,0.0054653542067073,-0.004094317317318974,1.1701555633287444e-06,4.353778024838442e-06,1.2680236587886208e-05,0.22625180613939933,0.0008018759449279086,-0.00020396355627994798,4.70555148890445e-05,0.22021420796069846,0.00039345189419838223,0.6350088313393093,0.1412390195063372,0.3056330466932613,2.0367856106421e-06,7.249851306336051e-06,2.0199750583254808e-05,0.4586575397652722,5.680442451059854e-06,2.0164401214926298e-05,5.622015597001435e-05,0.45735278576276794,6.188394957740071e-09,2.6345587537569917e-08,8.751295582477547e-08,0.5736322885872136,1.7205409818139948e-08,7.331848732031611e-08,2.4343635145869345e-07,0.5724097013383848,7.829712774624072e-06,0.9399328086086701,2.0482290614223097e-05,0.9399787321395002,0.23515180328952368,4.6616065583856673e-07,0.6532937572703615,9.112094596683326e-07,0.6530428628864209,0.12959648210183228
Kr-85,Co-60,0.25130555460754483,0.2722974482069872,0.2908165325564099,0.8743974737301328,0.00032504494901660085,0.0005642454745942998,0.0010876188049748043,0.9789840790101167,-0.12564094282578642,0.0022025139353015594,0.004679503863015482,0.9601585820952925,0.02277519223781246,0.5556407595077215,0.33793747510638916,0.7547027862599484,0.0005668198894604341,0.0008822756969357621,0.0013814221617038096,0.9317493577412553,0.0015759925442177208,0.0024521094364561187,0.003841333692114518,0.9324581414207359,1.961461298036658e-06,3.476837727977002e-06,6.727352704904113e-06,0.829096002194612,5.4536508466716655e-06,9.666637720429219e-06,1.8728236199087694e-05,0.8301860232712039,0.0008294119375233471,1.0225269324132922,0.002360849919311003,1.02265000861879,0.6400755991538315,2.014965685057316e-05,0.788221104795688,4.518293917586356e-05,0.7880807879510203,0.4348827600581264
Lu-173,Co-60,1.0957615303451345,1.8732137671810332,3.166649442124809,0.2300253351651679,0.0019887637718786913,0.0037700762813634133,0.00778910551258618,0.45425048375850463,-0.13994314314795486,-0.134825791658403,0.041616726148232086,0.3212640733047202,0.021756075371917503,0.3354666921499209,0.7590284870949215,0.6182785512489468,0.003505420710643647,0.006071609329735255,0.010271853655898257,0.7417064657781586,0.009753061306744644,0.01689403476155532,0.02861614622586152,0.7403004028746814,1.289665326010894e-05,2.1550923811910808e-05,4.357800904108048e-05,0.8581265312097371,3.58423249866039e-05,5.9950721670453425e-05,0.0001214940169134628,0.8568946703396937,0.003243061880646831,1.221567813051593,0.011320195780660727,1.2214839339913894,0.7090084758561706,1.3603484268637066e-05,1.0671820133761933,4.0622721579009704e-05,1.0668984912528439,0.618804592407252
Lu-174,Co-60,0.012415414582283076,0.017379266925056452,0.024675606063476217,0.869176487437689,2.6921216786319726e-05,4.136034962279044e-05,6.934079056950826e-05,0.9874501073721094,-0.005514979811509857,3.952935065887043e-05,0.00022952254432838842,0.9753101936392589,8.56081569326184e-05,0.1911264550058831,0.953180353994256,0.7624572185759033,4.632330534337205e-05,6.0224603219418885e-05,0.00010272867640916008,0.9384227359933726,0.00012894914834148672,0.00016774162659212712,0.0002860650488767655,0.9391238304050449,1.6566433506864592e-07,2.509988559940997e-07,3.7198340857502033e-07,0.8401851173109431,4.609601208444222e-07,6.988152391329981e-07,1.0342380895019763e-06,0.8412881757373656,4.366578600029853e-05,1.144467113314907,0.00014073381221999038,1.1449026365193276,0.7939741198844317,2.5701231235561727e-07,1.0006452053595067,7.145643661785466e-07,1.000829591669365,0.6941019143796242
Mn-54,Co-60,181.90235957616343,387.48468043239586,673.0544153286833,0.05537893971179675,0.3927095444897642,0.7450255025860599,1.3478971445631427,0.24498201294230948,23.882244358480712,-8.318851273078424,2.09012164418965,0.16419007249798512,7.774785691133191,0.29334972164438644,0.4955264599436367,0.5224295494648602,0.72048826928713,1.217700495396269,1.8514005047937254,0.5823327385949015,2.0023840503947596,3.3861521742257397,5.156948919354378,0.5806046054856092,0.0028194306070993963,0.005197385824833471,0.007511003596746886,0.7328229471519351,0.007835909996911146,0.014460761552897017,0.020928919986768005,0.7311690388205417,1.1680081596983312,0.959667087011342,3.120348595415722,0.9592530603472031,0.6657970828397131,0.012551569572167059,0.8666842772313962,0.03057888042487629,0.8661765786445492,0.6210046659664012
Mo-93,Bi-207,0.03577322573174038,0.07277907424496996,0.10787954911405423,0.9573778499349327,9.532979099424479e-05,0.00015135656721136198,0.0002218209692076736,0.9495369467865837,-0.018331172619732133,0.002969171890467137,0.0005321574510539224,0.9713954192911849,0.0035485518348286832,0.4476189616218741,0.37351295100553816,0.7699093741007594,0.0001424595414213201,0.0002295900470084689,0.00034766878754528564,0.8300700418431811,0.0003975837740769635,0.0006390003594526903,0.0009655518854884012,0.8311722269352998,5.113592926511567e-07,8.808929286059011e-07,1.497515186492451e-06,0.6868030720927192,1.4258789443633617e-06,2.4487891243625277e-06,4.1664960720859255e-06,0.6882865009836691,0.0003152159581017372,0.8490086411806548,0.0007508711269740847,0.8494507740664727,0.5834525899481099,1.1374668469604631e-05,0.6830493691560588,2.2847780521488557e-05,0.6832496331631208,0.4318139233382916
Na-22,Co-60,45.94425084935862,65.24534539199169,90.62791136760465,0.8989098861870775,0.08224973415729218,0.14412291216055312,0.2538991497799461,0.9852749958348457,-23.52450241360526,0.8749988087152849,0.8989177123445417,0.9773109474772618,6.849753469221562,0.6023497162176844,0.3171444640545986,0.8570458191811324,0.14981954575220743,0.22417946440072878,0.33302193938892294,0.9280112098159281,0.4169135258073716,0.6237292619887975,0.9260486626609106,0.9287641064105915,0.0005567143232324083,0.0009168912582450194,0.0014834655855951785,0.8207013253325185,0.001551768631285099,0.0025482987298571422,0.004131672838952711,0.8218496879603207,0.16044742895023612,1.1119094652799326,0.5006380971649397,1.1117952944786498,0.7802674823426431,0.0018888748606927207,0.9056785984692421,0.00478319590507162,0.9053424590799404,0.591954124797035
Nb-91,Co-60,0.16345299465966043,0.270110333589611,0.36255492297636055,0.9423911165299332,0.0003613823209909919,0.0005798463238193825,0.0008627768048904108,0.9570496613809676,-0.15736706627786662,0.0168426536061955,0.004273003676826322,0.9643932755173289,0.028972248507173472,0.6037125946547713,0.2941782583639384,0.8876839877475964,0.0005583263519502852,0.0008673521881030345,0.0013155036765884476,0.8385106527783394,0.0015579077807765854,0.0024115246774641923,0.0036659511560987543,0.8396086894422515,2.1243467913953456e-06,3.3653473932426606e-06,5.948799647794443e-06,0.6970021731218511,5.9249550632109605e-06,9.361603270165392e-06,1.6521257568711883e-05,0.698482730295225,0.0008547429753815775,0.9987367844095572,0.002373719966350863,0.9990408969145492,0.6697945825796459,1.9855491445405745e-05,0.7858390750176444,4.435897688676176e-05,0.7858737242477463,0.47415039669329595
Nb-93m,Co-60,1.7601639205526542,2.465114510562107,3.548868830433913,0.9067648709673383,0.0039021094731020904,0.0061737365269515804,0.008767412975720944,0.9839950199197873,-0.24630621483528,0.015065650074370416,0.012110148685090843,0.9780965612284841,0.19884294282375709,0.487255699409154,0.2904449919271237,0.8725059352599474,0.0062648605861625045,0.008580184602729801,0.012319949095801872,0.8967796023383194,0.01742052526231292,0.023900510845717343,0.034304500580244604,0.8976829098095379,2.211102327087168e-05,3.445841700562682e-05,5.766214381521867e-05,0.7759313869096178,6.154904587331162e-05,9.581371720492243e-05,0.0001602007012316042,0.7772312148490722,0.011210911709185497,0.8790232569964413,0.027551225897227118,0.8791850207905644,0.7178950788656866,0.0004288061714325749,0.6858453585960235,0.0008654500643356873,0.6857793040722746,0.49971566701093895
Nb-94,Co-60,0.007163230233004184,0.014669662378409654,0.02260005438450568,0.8933574465857003,1.744795037001932e-05,3.050082026536004e-05,4.422995990232871e-05,0.9505920319009813,-0.0001829741042639713,3.8119496861200524e-05,2.054814993111675e-05,0.9208592533046303,0.0003080916094078027,0.15984771823278798,0.32275556419331364,0.4053083136024309,2.568055311779482e-05,4.5833464203387534e-05,6.85348671033912e-05,0.8234543186151934,7.142855688537593e-05,0.00012763872569596183,0.00019047696334821004,0.8245982522357098,9.428457129984389e-08,1.7184140354148335e-07,3.0777799091334026e-07,0.6814339508920569,2.6199039784991804e-07,4.789466869257923e-07,8.564715860265316e-07,0.6829488131563437,0.0001542141806307332,0.4577991563845981,0.0002462114169270787,0.45814361720408947,0.327555670417246,2.7193927589154852e-05,0.36152213560333946,3.931070923789798e-05,0.361718188740047,0.23352762495483936
Ni-59,Co-60,0.11337243285367601,0.21445609306587807,0.34219093093413966,0.9308066052461268,0.00033316448787457494,0.0004547059438358611,0.0006007216497636328,0.9584959953405622,-0.055845456270351215,0.005151368432871084,0.0016106695883862905,0.95628786291789,0.005528492152396619,0.3225424161665754,0.48741512863338177,0.8825269924842296,0.00048773448170822786,0.0006792980084777264,0.0009609578335629197,0.8396455474366564,0.0013581695807351165,0.0018901259654809839,0.002671490352825801,0.8407476625707963,1.6581120863067528e-06,2.6393280902994773e-06,4.462928316748145e-06,0.6991964966997899,4.620325698861374e-06,7.343156548551163e-06,1.2406552195282124e-05,0.7006816096237892,0.0010791604992046353,0.822509012362113,0.0025017462437970364,0.8229841816794707,0.761659572386131,3.620854482892609e-05,0.6831773198005252,7.271410870728914e-05,0.6834269696867185,0.6008812351439342
Ni-63,Co-60,46.93804170268905,73.64700263960762,100.61056112215685,0.90668132533051,0.10989293392822289,0.1634669241666935,0.22299698405952215,0.9852241601025302,-5.30542382144622,0.3373763993488815,0.27967027769146546,0.9800546086699671,2.890608620582705,0.38488321965697336,0.4007377774110242,0.9080710026166273,0.17028649948590677,0.2296462527514363,0.3204893482520949,0.9032608369719237,0.47467140564734117,0.6403328808211123,0.8910877561824065,0.90414004641613,0.0005680480547614134,0.0008995142208348714,0.001528648476907175,0.7847572863346651,0.0015826994526304888,0.002502408566381971,0.004259529305200189,0.7860335682345251,0.3374707008711456,0.8461636026305341,0.801748532807804,0.846456411630788,0.7959619743880333,0.012894786023332062,0.6751594400035769,0.02571768026037883,0.6752259473721616,0.5794605297068751
Os-194,Co-60,0.010566295476102753,0.01958536450557319,0.03444142113505716,-0.006206950300989497,1.768864494065332e-05,3.789098877283633e-05,8.248201919748614e-05,0.21520386498485244,0.0007442495089190138,-0.0007519280291078559,0.00017298634011100566,0.2029045377036095,0.00039271904950120053,0.20291945307872286,0.419763790050115,0.2720173852181744,3.1857503514741156e-05,6.150387738654808e-05,0.0001205318490852869,0.269961953969481,8.866018790220308e-05,0.00017113924152781053,0.000335078029752607,0.26948121874330566,1.0057641698842253e-07,2.3710469420726156e-07,5.461221227780121e-07,0.3239872903592419,2.7984611557856426e-07,6.588846510723938e-07,1.5192735356369697e-06,0.323669423663341,0.00013667034012823,0.6581262451067106,0.00026798213317191186,0.658160445346062,0.2745263366643508,1.2254336850203548e-05,0.5096285471409924,2.0661320406645952e-05,0.5095004624626585,0.18817052209797147
Pb-202,Co-60,0.02415436724595203,0.033307576004950185,0.036031927870610964,0.9081423228799059,4.2125571701875863e-05,6.992435360496549e-05,0.00011070053280191165,0.962303397126642,-0.02144614767552043,0.0011768257945199906,0.0005881825061833705,0.9458195835902502,0.005372687718535846,0.6430658912894704,0.18461725086653202,0.9308155177274556,7.186478354671632e-05,0.00010223974379905541,0.0001568618093734734,0.8536312173232976,0.000199968622922619,0.00028492145798716647,0.00043621364268552824,0.8546819179264219,2.4504132104466034e-07,4.138248316423838e-07,7.295509289345654e-07,0.7189524803342819,6.809674965280795e-07,1.151568681815967e-06,2.031106703376015e-06,0.7203818878328361,0.00011098036439917583,0.9622398513635867,0.00029695159520169614,0.9624564273298253,0.6773930855914974,3.5392827542364226e-06,0.7353164080021688,7.513196148720263e-06,0.735268043254421,0.45229023119680567
Pm-143,Co-60,0.04647163454540171,0.11891442253761411,0.24785238430095471,0.00382279208634159,8.514410996290397e-05,0.00021887788900357233,0.0005320545764978743,0.18857988988153948,0.033518782445082045,-0.038951984906742704,0.009081822093924375,0.1428761965249975,0.0020122913556954924,0.3109950457421275,0.5523170135469478,0.2818739938751553,0.00015846694819988404,0.00036783527866053367,0.0007103139560694458,0.5344182030600396,0.0004401189937949207,0.001023837189113906,0.001978868642329021,0.532626449075959,6.26242729397028e-07,1.3339988774144048e-06,3.1715777455963717e-06,0.6922562655125575,1.740222587724472e-06,3.709927502122723e-06,8.830357186725071e-06,0.6905119016725307,0.0002332077714262656,1.1022619306999868,0.0007213160565797052,1.1014930880629445,0.4008387964384508,1.278695171064699e-06,0.9953779833314965,3.562194422658512e-06,0.9945383779934522,0.3738002522073465
Pm-144,Co-60,0.0007268797921468952,0.004104754289811432,0.008265468995670336,0.0034644368250132647,1.2816920246699105e-06,6.545733463937574e-06,1.9367374638370486e-05,0.19395625243299436,0.0006756643459032478,-0.0006986432854073336,0.00016277971057903793,0.15181853228072817,6.947352964979974e-05,0.2516278583918594,0.500872262365878,0.20959220557275016,2.246504542691332e-06,1.0915629951820434e-05,2.6564130621183834e-05,0.5382147231800174,6.2443921063229676e-06,3.0351155841568035e-05,7.397058535009574e-05,0.5364245841203859,8.836896026983397e-09,4.070043758283097e-08,1.0770878804858723e-07,0.6962729851481877,2.456530322049786e-08,1.1332051924176475e-07,3.000462142923286e-07,0.69453548725207,1.0889073282714644e-05,0.9874168234238828,2.9952284163550536e-05,0.9866830015853693,0.31836653230503675,7.319655351371714e-08,0.932562585936135,1.911707366776606e-07,0.9317934821463836,0.3158110193368734
Pm-145,Co-60,0.31059150954352654,0.3780792647846808,0.6031643821038195,0.052918865761565306,0.0004110997575390571,0.0007313659349423088,0.0016035072879226387,0.3025250970019036,0.08144185943453852,-0.030819726561930716,0.007574176542474402,0.27695449586699517,0.04314743833591536,0.6112020438556746,0.3400571654613822,0.5900070683414886,0.0006813129899901105,0.0011444078356806463,0.002230311486216053,0.5542392728547572,0.001895567297944258,0.003183160411972746,0.006215731352083599,0.5528621824426174,2.399460468864245e-06,4.643276300161142e-06,1.0008316911878428e-05,0.6749474490959056,6.670071105199435e-06,1.2907410459135968e-05,2.7863728461965287e-05,0.6736926687207068,0.0010544864974724852,1.113233485708138,0.0032939350734900214,1.1132636096895518,0.5107045464772231,2.3223386902484464e-05,0.8299862073937384,5.439703821832946e-05,0.8297233504915165,0.3245528301748205
Pm-146,Co-60,0.0015065053228529104,0.002821278799288853,0.004960808025219749,0.5426791859446707,1.9139655650831496e-06,6.178712591707165e-06,1.677833180452387e-05,0.7565709438536329,-0.00048033310884177814,-0.0001297395255860607,6.343134558815725e-05,0.6295201624923292,0.0007288767493969687,0.812469747171192,0.13618587842437976,0.4596452938257485,3.1075268432870425e-06,9.987728593151661e-06,2.2286594686900103e-05,0.9337049906966748,8.654020966947663e-06,2.7780629381870414e-05,6.214893836392157e-05,0.933038438411053,1.1038569444624259e-08,3.750533334438706e-08,9.70461184624237e-08,0.9679981997531973,3.070858358184101e-08,1.0438703085535696e-07,2.69848915619355e-07,0.967618614627179,4.313936164676428e-06,1.1927208682775403,1.4620128394060997e-05,1.1926503079637205,0.3533746855367562,6.787061421621113e-08,0.8972417640729751,1.704317744518806e-07,0.8968740625224804,0.22670377814253173
Pm-147,Co-60,0.0017132272312721459,0.003481746572742475,0.005446544787602618,0.3939936818559592,2.5456546305191617e-06,7.711750540696996e-06,1.7328384584732012e-05,0.6036953696448377,-0.00033745033961560635,-0.00015277687254424587,6.062881923776403e-05,0.4374758433621292,0.0016896535946450963,0.8905616787666633,-0.00884032079107955,0.47158983936761323,4.411813395085399e-06,1.1907354617984343e-05,2.5030619101946794e-05,0.8532160855282416,1.2258969210680775e-05,3.308581202151176e-05,6.963782381518353e-05,0.852114203711674,1.58691624398845e-08,4.774890228514241e-08,1.061172332182352e-07,0.9327265117142716,4.40672686152421e-08,1.328326911632609e-07,2.9663439668318627e-07,0.9318450419278697,5.2899623229834574e-06,1.167754424028816,1.7488137427808814e-05,1.1672440566083102,0.362065354678312,7.057198645185345e-08,0.9085079452053176,1.7969973358623297e-07,0.9078048562334755,0.2519935088170283
Po-208,Co-60,0.0,0.000325551300311144,0.0025778932658808377,0.40832994365094244,0.0,7.787299134896599e-07,9.663760329308408e-06,0.5469798299996226,0.0003669632134965322,-0.00014021021462583936,7.874855864717713e-05,0.31851870137073957,0.0021626257018639472,1.120486875670867,-0.036967106486144666,0.6972291426711743,0.0,1.1955219427684397e-06,1.4937901114665998e-05,0.8154890609816265,0.0,3.3221355931624327e-06,4.167725959853706e-05,0.8142724454581614,0.0,4.6705628924628326e-09,5.3476956003063376e-08,0.9011739215204021,0.0,1.2978375890811255e-08,1.4914587682765024e-07,0.900155703159474,1.6184146443049984e-06,1.5318055896551173,7.761617072800275e-06,1.531940025642952,0.5255772797350238,6.174665761234706e-09,1.199252467459765,2.110811518537706e-08,1.199032492498855,0.3473482544629368
Po-209,Bi-207,0.0,0.0,0.0,-0.004728071335808175,0.0,0.0,0.0,0.014222840667332285,2.3538862393862764e-05,-4.6569610824661556e-07,1.008315028331541e-07,0.0008573141896399683,0.0008019616361337651,1.0510435001344534,0.022945477757559507,0.9725311458111853,0.0,0.0,0.0,0.000589241493985858,0.0,0.0,0.0,0.0006433086735672106,0.0,0.0,0.0,-0.011235688366409273,0.0,0.0,0.0,-0.0112199968319778,1.0700935338272326e-06,1.7300026055983373,6.296061643290335e-06,1.728195822293703,0.5977417477045524,5.034151557236815e-07,0.7884032351162252,1.1430108636598963e-06,0.7864760641841411,0.10738281374010106
Pt-193,Co-60,9.987370940435337,15.130013757117421,22.575754297761026,0.6567435885413211,0.020437348597415493,0.03471150676716631,0.05751853110760703,0.8628595072169989,-0.1419070464007257,-0.10806809515842355,0.0661752799033393,0.7827286888203588,0.6645280567463426,0.40164453244437415,0.4067334165168511,0.7359902279833719,0.03069012630093553,0.050365638430877345,0.07980448956194575,0.8886899289226151,0.08529221395621092,0.14007587002719232,0.22198225899065108,0.8888029672149701,9.828971263285643e-05,0.00021046209054266445,0.0003629315952805288,0.8534317137735808,0.0002730236581290979,0.000586010571365575,0.0010108168676471853,0.8539143214005562,0.06728237161158625,0.8878724819497911,0.16684029028995248,0.8880790407078198,0.6656034210148245,0.002265735866437408,0.7042364993378849,0.004658244405166317,0.7042153852896168,0.47881138339464135
Rh-101,Co-60,0.07881670704069338,0.10698552988256108,0.1436046901286248,0.041623843153083505,0.00010148500908392341,0.00020151400159029107,0.0004267728154069692,0.2636048141068819,0.011126630663399908,-0.007663024153730364,0.0018705671024503018,0.21711735912682117,0.008637894971245858,0.5441726316458093,0.3387529578468801,0.59919018539238,0.00019117777929333389,0.00030924108153809456,0.0005858402063159238,0.5848781708196703,0.0005318294816036816,0.0008610157576120762,0.001629850004272982,0.583192119737762,6.595111999990027e-07,1.2606250300666062e-06,2.286551419785256e-06,0.7329270484584348,1.8330583997505276e-06,3.5083519614739453e-06,6.36905792611668e-06,0.7313332571379402,0.00029178646111328773,1.063445304967537,0.0008664712946359775,1.063284218617581,0.5667645373544162,5.794826049740098e-06,0.8261763619413548,1.3533441460107748e-05,0.8257820916114553,0.39111578911545786
Rh-102,Co-60,0.0877864202615887,0.11917451013191663,0.15369356207109955,0.07589101615313912,0.00011826330793943108,0.00021965812855010412,0.00048269757334976635,0.29287663750541587,0.008403341026264803,-0.005965450748094304,0.0015229355675646626,0.2199819921180649,0.008009594971461058,0.513389315851824,0.35108640408691105,0.6197078632564548,0.0002107708594887415,0.0003467102142239373,0.0006283891651560968,0.6139143274224607,0.0005853138057760437,0.0009640215813876597,0.0017467415780160304,0.612257607698807,7.920733009701237e-07,1.4179796879506421e-06,2.5532822197019567e-06,0.7573295917736237,2.2011309179862583e-06,3.943024996564651e-06,7.1134302027054425e-06,0.7557725067204382,0.00033151615664061244,1.0353461403656063,0.0009565361838387076,1.035192849546471,0.5951703878326857,6.631203951063537e-06,0.8160616959367659,1.53249165563326e-05,0.8156889616829202,0.4227824397029146
Rh-102m,Co-60,0.006337505690523502,0.018339130023469777,0.03829483023626847,0.00430243842555323,1.2354122088407185e-05,3.44946035323778e-05,7.905155779183441e-05,0.16760102396594068,0.004255831568365326,-0.0031146800484777633,0.0007273298099145891,0.11165864566073458,0.00019523152412151092,0.20914943628976454,0.5694377723748433,0.20898632220054092,2.366419656396003e-05,5.61934483144441e-05,0.00010897549170500712,0.5160822064561663,6.577490437424174e-05,0.0001565597608008934,0.0003038037613612685,0.5143007543386222,9.11382451835609e-08,2.1598665583422118e-07,4.5576124990286473e-07,0.6714386292742021,2.5339632410012373e-07,6.005739797305571e-07,1.2699309007356602e-06,0.669685322032932,4.127509987601603e-05,1.0075764936992933,0.00011589803583649067,1.0067175116686942,0.3328794282201555,2.0401922947806985e-07,0.9769583821787797,5.578382003709609e-07,0.9761005655196446,0.3562844485049579
Ru-106,Co-60,0.12020678420798614,0.23254622425635835,0.3756796711274112,0.12393270510798393,0.000236920326759837,0.00046580983834286775,0.0008649751647006892,0.3052283695956401,0.008192227357304457,-0.00921645817721872,0.002582256148261849,0.17724408730288088,0.0058630124205585644,0.36073018964466236,0.49100421629892216,0.5418460390187915,0.0004179781016541204,0.0007301967202225916,0.0011389128172925194,0.6331341630402432,0.0011629243804720376,0.0020295817383737397,0.003172150637667419,0.6315119958314761,1.6473516401189035e-06,3.0050838876395056e-06,4.913601833058133e-06,0.7697753260554107,4.574333331043135e-06,8.362652673843469e-06,1.368555110548549e-05,0.7682418222622334,0.0006006352977839789,1.024224881047945,0.0017140027365733783,1.0238718846625794,0.6380962941930038,5.6828148825562715e-06,0.9033979783577526,1.4371821203560919e-05,0.9029190431781253,0.5676955298411523
S-35,Co-60,0.1325841152875217,0.9566520579593698,4.441562148004511,0.001592364420181772,0.00033265415152842944,0.0018292452785598086,0.010752061004884116,0.17950977489943978,0.26369407287028335,-0.06790795834419061,0.01578207475844577,0.13204288199651038,0.00591163341772528,0.09206274930221593,0.6395628495087332,0.10127318869735036,0.0005527171670148201,0.0028358664756854206,0.014956217737124855,0.5239140894615519,0.0015361522967570686,0.007893710295924224,0.041671197971334555,0.5221362889658224,2.214455706396407e-06,1.1180204427123587e-05,5.373774462229484e-05,0.6824658154079184,6.1557131362846535e-06,3.11140814093952e-05,0.0001494257654261165,0.6807362339900399,0.0029387401875687097,0.8977454903401516,0.007373217487286931,0.896982395578378,0.16411542014915104,1.8892071279541725e-05,0.9087622523310067,4.813012419999863e-05,0.9080259141201737,0.19237126734054288
Sb-124,Co-60,0.001137860511435767,0.005354976074094948,0.02105571918814836,-0.0010640569620730593,3.1153568562735476e-06,1.2614577830314856e-05,3.964909719745532e-05,0.13832079245934545,0.0012874645981490254,-0.00013147567579109226,3.0416686924642763e-05,0.08047607648395327,7.763847528752791e-06,-0.1995897161917476,0.882880245376481,0.09056307301918909,5.154052176452849e-06,1.94193087272662e-05,5.919784299940808e-05,0.4640737995666752,1.430625014341788e-05,5.406777166458001e-05,0.00016459280592668533,0.46242918119498444,1.9562762892179093e-08,7.820897947993875e-08,2.3726648518345957e-07,0.6179980179692827,5.4276883067347586e-08,2.1763894541194978e-07,6.596044264504394e-07,0.6164037894435342,3.241093028516634e-05,0.6994459749608635,6.632610740449978e-05,0.6992281461911954,0.11132578137054916,2.880734754947989e-07,0.8036303239483156,6.564100560565292e-07,0.8034580587277524,0.1662296295987865
Sb-125,Co-60,0.029887911330106036,0.0421958862973007,0.05258451977676055,0.8080569940777714,4.905104977835852e-05,9.055787841780188e-05,0.00015645030318517,0.9448810878736879,-0.012120085208456137,-0.00018693566131222958,0.0005671177296202927,0.8938096588307919,0.0022786073487632333,0.4845223361851049,0.3894718572659663,0.7069804361048226,8.774784765382289e-05,0.00013666840918836898,0.00020682484237677997,0.9843733274117599,0.0002440085422643753,0.00038020885292799195,0.0005769326221708648,0.984601063259711,3.1094156955451163e-07,5.556423417630932e-07,9.264837722609649e-07,0.9273478900856089,8.645530623909074e-07,1.544707193649385e-06,2.5776586859498194e-06,0.9279379609382736,0.00012144964622019596,1.0168746236092279,0.00034379978958219736,1.0168294288265582,0.671203137094764,2.199158904366663e-06,0.8220831708864872,5.109578220688978e-06,0.8218232938760699,0.5016189731333527
Si-32,Co-60,0.10598593120649576,0.13764361112804696,0.18666692415874503,0.031609145865939464,0.00014698145418974578,0.0002805674123225339,0.0005252982820560502,0.2868312282156612,0.015672588879607242,-0.004259091648008422,0.0010215874999408093,0.2813831090633192,0.011140812704550617,0.5002600108703525,0.30502541671323213,0.5836465208776158,0.00026452894848481357,0.00042387801383795783,0.000779156764770268,0.5077855636149532,0.0007355514445796382,0.0011817502815116426,0.0021637829339897817,0.5065329654344314,8.849775545121154e-07,1.6771323030535833e-06,3.4216516729371825e-06,0.6197358289033558,2.465957421666207e-06,4.663746118038933e-06,9.521599236115876e-06,0.6186123738793612,0.0005345184549252667,0.9416259105508892,0.001400858303067194,0.9416340709083986,0.517290650610402,2.238543276786499e-05,0.6954174069345955,4.5682580053839875e-05,0.6951753909175384,0.3225595732901835
Sm-145,Co-60,0.12025697585577558,0.2746999130998993,0.49610551330060404,0.003438872522601495,0.00021319922767945866,0.00047191863848074385,0.001184826150488515,0.19836193187868909,0.052259909629220225,-0.06499935128790824,0.015142196009563076,0.15896793480218663,0.005818776858744384,0.3405026771609712,0.5090213925432178,0.31472791336804384,0.00039286579740399337,0.000772846323848532,0.001623025366302291,0.5409737746025752,0.00109124773713107,0.0021505298469450497,0.004517295047165749,0.5391865564731406,1.4071247979489008e-06,2.954521723250128e-06,6.646207156993674e-06,0.6991493827331059,3.9150511388999695e-06,8.218779215991971e-06,1.848621122994317e-05,0.6974191177986131,0.0005866685748660672,1.0724126615426761,0.0017596250381799925,1.0717681976050555,0.4189269954729321,4.781049633319406e-06,0.937391645567492,1.2543482308997933e-05,0.9366440564315404,0.36601561323756504
Sn-119m,Co-60,0.01784811574990865,0.03873341568640647,0.07187171168579619,0.003733115194921608,3.386315710044238e-05,7.826943859246285e-05,0.00015406782368108636,0.17262727044266102,0.004358879871697115,-0.002309221655122566,0.0005386137676237573,0.11934611305287779,0.0006031076392499234,0.1928509382785595,0.4621122272531952,0.2546922215634063,6.173538811265794e-05,0.00012819580375569742,0.0002080204987394672,0.5208069045149575,0.00017166295799991285,0.0003566557618532836,0.0005789414158277692,0.5190214288255192,2.4832567820331485e-07,5.101744334339868e-07,8.214235308952232e-07,0.6769475050567328,6.900776510334851e-07,1.4195627051486776e-06,2.289965469936333e-06,0.6751949785073582,0.00015303593387494226,0.8343850568578406,0.0003597835257824813,0.8337478624423806,0.38540738938076424,2.3110660953610797e-06,0.7841159165841136,5.179999879612263e-06,0.7834530849465452,0.3892570697187633
Sn-121m,Co-60,0.0072010510864909385,0.00877273978674939,0.009439627663642586,0.8962858303791138,9.530900781555022e-06,1.8284400380861203e-05,3.394132983076144e-05,0.9664346317866997,-0.00945473980841976,0.00037960833577660143,0.00026542052835148517,0.9458887535674996,0.0010154147146063733,0.6151369227973729,0.25948344012460006,0.710903845232219,1.6413308816695035e-05,2.945150880827902e-05,4.7245565650558435e-05,0.865957073206115,4.55797243869156e-05,8.206867738607845e-05,0.00013182714820616996,0.866961779371574,5.81393284550337e-08,1.0780477327750057e-07,2.1441159951403195e-07,0.7361657842102388,1.6133703930406237e-07,2.9982045133972246e-07,5.965805865898731e-07,0.7375493214195016,2.6951329091044614e-05,0.9856427085201842,7.385307889990527e-05,0.985928778352288,0.530692054288449,9.331318824263232e-07,0.7330255754709689,1.975630579677451e-06,0.7330183650322688,0.33557659757008806
Sr-90,Co-60,0.3417093362895911,0.3491865524929984,0.3572160553096738,0.8928023511012775,0.00042837876789935563,0.0007378775322328899,0.0013596560299158123,0.9726329007028609,-0.2595728537972932,0.00906349736816352,0.007982041992651205,0.9542746766607697,0.04314722980410062,0.6198606733233174,0.2794884119335207,0.8388609018629372,0.0007352708012682626,0.0011368150961495024,0.0018459462405368745,0.886103427796465,0.0020465834901730027,0.003164310034112226,0.005136051215933605,0.8870309931793275,2.4768378107061784e-06,4.4970029916921985e-06,8.096512556185012e-06,0.7632557066342918,6.8924429331409624e-06,1.2514547851311065e-05,2.259493319306659e-05,0.764563829630842,0.0010472862291703842,1.0367139287490776,0.003024380905280758,1.0368799390619605,0.6662976222983861,2.5766370377493395e-05,0.7913515017434296,5.795103561677938e-05,0.7912399332830873,0.4438965142287279
Ta-179,Co-60,2.736076473262883,4.490830701635252,7.02818509063105,0.7575878106012042,0.005727521064404595,0.0097600511973609,0.017697816900257186,0.9266990288601598,-2.0721672874008625,-0.10084475997816475,0.10714387689887174,0.869399272134546,0.0613975455235409,0.39111710455759796,0.7870084721570018,0.7778162597705196,0.009675773807992434,0.015227923625420449,0.024821629197462947,0.9956663225716179,0.026909291234048414,0.0424090756628696,0.06915772291360596,0.9956864775653212,3.8323623310547225e-05,5.570539978375201e-05,9.795358081161393e-05,0.9621851128756114,0.00010645715211055588,0.0001549844483416931,0.00027309136224180593,0.9625760831226158,0.007091110550674802,1.2889011057868103,0.026508831997888952,1.289013894247061,0.8353413832776545,2.2025142293962566e-05,1.1258522666989441,6.976024032677645e-05,1.1257289877118581,0.7288727260531238
Tb-157,Co-60,0.09303023409004224,0.11266614754781504,0.17847965133434515,-0.00387950127314026,0.00011982091847265186,0.00021203920484043882,0.00047486965383099943,0.23162428811845076,0.02615806776679583,-0.006809730473505651,0.0015716034229356602,0.2302866288580957,0.007993558865902743,0.45622988988965013,0.322057541312887,0.43130877821337454,0.0002073747984432125,0.00033709629430286436,0.0006399755885518552,0.4766973884180624,0.0005753772825999637,0.0009374162964815778,0.0017807649584049875,0.4753283465822344,6.902405386651862e-07,1.3638372779619389e-06,2.996981409187131e-06,0.5978118450585584,1.919915490932037e-06,3.7913144003739203e-06,8.332917598056279e-06,0.5965287111370681,0.0005020262019938688,0.9086171218737987,0.001272045804609691,0.9086071881535931,0.39724922051337064,2.3059569062668434e-05,0.6733298666015155,4.600853079429419e-05,0.6730823348500774,0.24937769878284588
Tc-99,Co-60,0.0003127433882411263,0.0012633193731096152,0.0031875305611721305,0.015202538838842355,6.937573553809574e-07,2.4635112227756794e-06,5.718270604279622e-06,0.07445147006619082,8.263355224973044e-05,-4.6503529776622375e-07,1.1570057335793091e-07,0.015310776310277108,1.2437599475006751e-05,-0.02609537642063689,0.34755935517103137,0.05992626280991897,1.0370247838450426e-06,3.69814778222602e-06,9.531490099769019e-06,0.08513456682240127,2.88501719183398e-06,1.0300638388951026e-05,2.6499850582668926e-05,0.08506948684856404,4.091905002412824e-09,1.3409370657750505e-08,4.041201684014887e-08,0.09272461401961903,1.1376470586617531e-08,3.724227102319094e-08,1.1240888400608327e-07,0.09267757376266565,2.2381271247135807e-05,0.21135517551951422,2.7757382365621772e-05,0.21194079977783992,0.030428373514668206,1.022092460958643e-05,0.1647827847551903,1.2057722573419794e-05,0.16524653462708178,0.02102079679102009
Ti-44,Co-60,2.8228210346867972,3.403002585289946,4.264781288954034,0.831516351137896,0.004220860901132866,0.007247914203215227,0.013307038283024488,0.976640246730568,-0.5819818193895345,-0.013564762839238756,0.03406624691682704,0.9555127019001132,0.3573464501912084,0.5725124097382716,0.29870317843160876,0.7875672794462405,0.0075129564789918855,0.011262854499329782,0.01879180758067932,0.9523728254578524,0.020913610682028464,0.03138201347430192,0.05216452017701852,0.9529058397317541,2.493055153198905e-05,4.407296968316071e-05,8.797973661470504e-05,0.8680808592842643,6.942488208267981e-05,0.00012262723395637033,0.0002452028983891845,0.8690030599544314,0.011404203199143913,1.008116040026881,0.03198688199352695,1.0082216874466305,0.6549221157049684,0.00033718698619932805,0.7596053628364785,0.0007344051135981853,0.7594413117054395,0.42513614325191107
Tl-204,Co-60,17.77517376260542,25.077173365037275,30.894854887079045,0.6446448623014014,0.032619113449238187,0.05426121543451982,0.08390665043802362,0.828651413207677,-0.8382149538009672,-0.178079040024349,0.12291192849589745,0.7119459805720443,1.0861973017116846,0.41108437319518365,0.38395071651302953,0.7476481455281709,0.05546703746634109,0.08563577931796357,0.11151721200558178,0.9750059281453024,0.15428703817378392,0.23834292204227392,0.3103007831835679,0.9745807596573666,0.0001930544051427523,0.0003474119061192551,0.0005015485553990939,0.9832760862180947,0.0005376819206716156,0.0009671269157058743,0.0013960105958470603,0.9831630784150366,0.09456668932195808,0.9073351309078074,0.23928604040357865,0.9073628131737345,0.7132332279463738,0.0026184350963164922,0.7344289702427659,0.005558314914976369,0.734257161069768,0.53434684580059
V-49,Co-60,86.71727124947873,170.9136831888859,283.57162085267976,0.05790149199171159,0.16506643197105825,0.37333629735251006,0.6498028655676207,0.273918749071867,9.105777798194293,-4.594468467333065,1.1467235077373041,0.21142427465709168,4.423506189540716,0.3278084628877748,0.45459630867156264,0.5137414428502037,0.31245457445886765,0.582295116386148,0.880957499535655,0.5978170825434034,0.8679347212005787,1.6184772456743026,2.4519499441190375,0.596130148916559,0.0012866190011779856,0.002343784022815127,0.003587260978633525,0.7464852314680096,0.0035742838761905885,0.006519799187988314,0.009984228579004592,0.7448977825583517,0.5196736190284167,0.9666702138922278,1.398415279061401,0.9662066432226466,0.6418961536770804,0.006013438244024111,0.859993098202417,0.01455592215819075,0.8594321077885884,0.5809831626520785
Zn-65,Co-60,4.452462285508876,16.457087705693198,49.33757639030518,0.08424728943653526,0.011860938064110937,0.03381512881017003,0.08364316276546327,0.24240851360992655,1.484244975299068,-0.03595451449486831,0.009657408117287691,0.12581472410013983,0.17647844989903594,0.07719397613815822,0.5117810804859106,0.20879836915155536,0.01801890799534568,0.05182402436662703,0.12732251323181,0.4691426479372713,0.05028737669000675,0.14408276093122027,0.3543435145426539,0.467952410037291,6.670334744475278e-05,0.0001980412950157155,0.0005139570875663696,0.5826219798398008,0.00018610857165062353,0.0005499874253845234,0.0014283453231032635,0.581568993480208,0.12320457541822875,0.6407553103686221,0.23734486788882508,0.6407338387154426,0.2644316466887343,0.005024626201166723,0.5996676682772527,0.009287542942008113,0.5995659685388883,0.2648724777923739
